<?xml version="1.0" encoding="UTF-8"?>
<NamedCredential xmlns="http://soap.sforce.com/2006/04/metadata">
    <allowMergeFieldsInBody>false</allowMergeFieldsInBody>
    <allowMergeFieldsInHeader>false</allowMergeFieldsInHeader>
    <endpoint>https://api.mailgun.net/v3/sandbox391970761e1241d9a88a608554c35b07.mailgun.org/messages</endpoint>
    <generateAuthorizationHeader>true</generateAuthorizationHeader>
    <label>mailgun</label>
    <principalType>NamedUser</principalType>
    <protocol>Password</protocol>
    <username>adf6de59-95714646</username>
    <password>6f2634f04ada39eac8952394bfb14544-adf6de59-95714646</password>
</NamedCredential>
